date,temp_avg,temp_min,temp_max,sun_hr,rain_hr,rain_total_mm,cloud_cover_perc,ice_cream_kl
2022-01-01,12.3,10.9,13.2,1.7,1.0,0.3,1.0,17997
2022-01-02,11.7,10.2,13.0,1.0,5.2,13.2,1.0,16957
2022-01-03,9.7,8.8,11.0,2.3,0.0,0.0,0.875,17136
2022-01-04,6.5,3.2,8.9,0.9,0.7,0.3,0.875,18983
2022-01-05,5.1,2.3,7.6,0.5,5.5,5.4,0.625,17823
2022-01-06,3.7,-1.1,6.5,5.1,0.0,0.0,0.625,18236
2022-01-07,3.7,0.7,6.7,1.5,4.5,3.3,0.875,17869
2022-01-08,2.9,-2.6,6.2,0.0,11.5,14.7,0.875,18050
2022-01-09,4.6,-1.5,7.7,4.3,1.0,2.5,0.625,17610
2022-01-10,1.7,-2.5,6.9,3.7,0.0,0.0,0.625,18553
2022-01-11,2.3,0.2,5.2,2.5,2.3,0.6,1.0,18442
2022-01-12,4.0,3.1,5.0,0.2,0.9,0.2,1.0,18848
2022-01-13,4.3,3.3,5.3,0.0,0.0,0.0,1.0,18901
2022-01-14,4.6,3.2,6.0,0.0,0.0,0.0,1.0,18076
2022-01-15,2.3,0.8,4.3,0.0,0.0,0.0,1.0,18588
2022-01-16,5.3,1.5,7.3,0.0,0.0,0.0,1.0,17734
2022-01-17,6.4,2.1,9.1,1.0,0.0,0.0,0.625,18473
2022-01-18,3.4,0.1,6.4,0.0,0.0,0.0,1.0,16861
2022-01-19,3.6,-1.8,7.1,0.0,2.0,0.8,0.875,18229
2022-01-20,3.5,-0.9,6.1,3.0,1.6,1.8,0.75,17895
2022-01-21,4.1,-0.7,7.0,1.5,0.0,0.0,0.75,17716
2022-01-22,6.4,5.6,7.6,0.0,0.0,0.0,1.0,18093
2022-01-23,6.1,4.7,7.3,0.0,0.0,0.0,1.0,18253
2022-01-24,4.5,3.7,5.7,0.0,0.0,0.0,1.0,17985
2022-01-25,3.0,2.4,3.8,0.0,0.0,0.0,1.0,16990
2022-01-26,4.2,2.3,6.0,0.0,0.0,0.0,1.0,18592
2022-01-27,7.0,5.0,9.6,0.2,2.3,3.5,0.875,17647
2022-01-28,6.6,4.5,9.0,6.0,0.0,0.0,0.75,17253
2022-01-29,9.1,6.4,11.7,2.0,1.9,0.5,0.875,18549
2022-01-30,6.0,4.3,8.4,6.0,0.0,0.0,0.625,17611
2022-01-31,5.7,3.5,7.1,0.0,11.1,10.2,1.0,17395
2022-02-01,7.4,3.4,9.9,0.0,5.3,3.5,1.0,16643
2022-02-02,8.7,7.1,10.7,5.8,1.1,0.5,0.75,17456
2022-02-03,7.6,6.9,8.5,0.0,1.8,0.7,1.0,17680
2022-02-04,6.7,3.8,9.1,0.2,3.7,6.1,0.875,18394
2022-02-05,6.4,3.4,8.1,5.2,6.0,9.6,0.875,18447
2022-02-06,7.4,4.0,9.4,0.8,11.3,24.9,0.875,17702
2022-02-07,6.3,2.9,8.3,7.9,0.2,0.6,0.875,20122
2022-02-08,10.0,7.2,12.5,1.9,0.2,0.1,1.0,17979
2022-02-09,8.9,8.3,10.0,0.2,3.5,0.8,1.0,17349
2022-02-10,6.8,4.2,8.5,2.0,2.4,1.7,0.875,18215
2022-02-11,3.8,-2.4,7.7,5.5,1.0,1.7,0.625,18417
2022-02-12,2.6,-3.6,7.3,8.4,0.0,0.0,0.875,17978
2022-02-13,6.1,1.0,10.3,4.7,0.0,0.0,1.0,18222
2022-02-14,9.0,5.9,11.4,3.4,1.4,1.9,0.875,18559
2022-02-15,7.5,5.5,9.2,4.0,6.1,6.8,1.0,18967
2022-02-16,11.1,8.3,13.2,0.0,9.5,10.3,1.0,18124
2022-02-17,9.0,6.8,12.4,5.4,0.3,0.4,0.75,18541
2022-02-18,8.4,6.0,12.3,1.6,2.6,2.7,0.875,18647
2022-02-19,6.1,4.5,8.4,2.5,3.6,8.4,1.0,19461
2022-02-20,8.2,4.2,10.7,0.0,16.3,34.2,1.0,17383
2022-02-21,6.5,4.1,8.2,0.9,4.3,9.5,0.875,18842
2022-02-22,7.1,3.7,10.5,0.3,2.7,4.3,0.75,18469
2022-02-23,8.0,4.1,11.3,8.7,0.0,0.0,0.375,20262
2022-02-24,6.2,2.7,10.1,1.6,2.7,2.7,0.875,17561
2022-02-25,4.7,-0.7,8.6,5.0,1.8,1.8,0.5,16668
2022-02-26,2.2,-2.7,8.7,9.7,0.0,0.0,0.375,19611
2022-02-27,4.2,-2.0,9.2,9.9,0.0,0.0,0.0,19475
2022-02-28,4.5,0.1,9.5,10.0,0.0,0.0,0.25,20429
2022-03-01,5.2,1.8,8.3,0.5,0.8,0.3,1.0,17584
2022-03-02,5.6,1.3,11.7,9.9,0.0,0.0,0.75,19576
2022-03-03,5.0,-2.5,11.7,10.0,0.0,0.0,0.0,20707
2022-03-04,4.2,-0.9,11.0,10.1,0.0,0.0,0.0,18583
2022-03-05,2.6,-3.3,8.7,10.0,0.0,0.0,0.0,20042
2022-03-06,2.4,-1.9,6.4,10.0,0.0,0.0,0.25,19744
2022-03-07,2.3,-4.4,7.7,10.1,0.0,0.0,0.125,19152
2022-03-08,4.9,-0.8,10.1,10.3,0.0,0.0,0.0,20629
2022-03-09,6.1,-0.4,13.2,10.5,0.0,0.0,0.0,20564
2022-03-10,8.5,0.3,15.3,10.3,0.0,0.0,0.125,21690
2022-03-11,10.1,5.6,14.4,9.7,0.0,0.0,0.375,20512
2022-03-12,11.2,7.2,15.1,5.8,0.0,0.0,0.875,17843
2022-03-13,12.1,8.5,16.5,7.2,0.0,0.0,1.0,22268
2022-03-14,9.0,3.0,13.5,5.0,0.0,0.0,0.875,17784
2022-03-15,7.4,2.4,14.1,5.1,0.0,0.0,0.75,17076
2022-03-16,9.1,1.1,13.2,5.6,0.0,0.0,0.875,17583
2022-03-17,7.6,0.0,11.8,7.2,0.8,0.4,0.5,20518
2022-03-18,7.8,-1.7,15.3,11.0,0.0,0.0,0.0,20634
2022-03-19,8.8,3.7,14.1,11.0,0.0,0.0,0.0,21193
2022-03-20,4.5,-1.1,8.7,2.4,0.0,0.0,0.5,18864
2022-03-21,7.7,-1.9,16.3,11.1,0.0,0.0,0.0,21028
2022-03-22,10.3,2.4,19.6,9.8,0.0,0.0,0.125,21471
2022-03-23,9.8,0.0,19.3,11.3,0.0,0.0,0.0,21237
2022-03-24,9.4,0.5,18.3,10.5,0.0,0.0,0.125,20864
2022-03-25,8.6,-0.8,16.7,11.3,0.0,0.0,0.125,20615
2022-03-26,10.4,1.4,17.4,11.5,0.0,0.0,0.25,20991
2022-03-27,10.3,5.8,16.4,10.8,0.0,0.0,0.25,20437
2022-03-28,8.3,2.6,14.3,9.0,0.0,0.0,0.625,19836
2022-03-29,8.2,4.4,14.0,5.7,0.0,0.0,0.75,17725
2022-03-30,6.0,0.4,10.6,6.5,1.0,0.7,0.875,17131
2022-03-31,1.9,0.0,4.5,0.0,14.4,12.8,1.0,17386
2022-04-01,2.1,-0.3,4.7,3.9,6.4,4.9,1.0,17739
2022-04-02,2.4,-3.2,6.3,5.3,0.0,0.0,0.875,17851
2022-04-03,3.0,-4.0,8.5,7.0,0.0,0.0,0.75,18997
2022-04-04,7.1,3.3,10.7,0.0,16.3,20.7,1.0,17057
2022-04-05,10.0,7.5,11.9,0.1,6.2,3.2,1.0,16849
2022-04-06,9.7,8.8,10.7,0.0,5.1,3.4,1.0,18811
2022-04-07,8.0,4.2,11.3,2.7,9.0,19.2,1.0,17299
2022-04-08,6.3,3.3,8.8,4.0,0.3,0.4,0.875,17896
2022-04-09,5.8,2.2,9.6,7.0,2.2,5.4,0.625,21698
2022-04-10,6.2,1.3,11.9,9.0,0.0,0.0,0.75,19747
2022-04-11,9.1,0.2,15.0,12.0,0.0,0.0,1.0,20227
2022-04-12,13.8,6.5,20.6,8.8,0.0,0.0,1.0,21429
2022-04-13,13.1,9.0,16.6,2.6,0.4,0.1,1.0,18599
2022-04-14,12.1,5.5,18.7,11.3,0.0,0.0,0.5,22548
2022-04-15,9.8,7.6,12.6,2.5,0.0,0.0,1.0,18859
2022-04-16,10.5,4.6,16.5,12.8,0.0,0.0,0.5,21073
2022-04-17,10.8,2.9,17.6,13.2,0.0,0.0,0.25,20683
2022-04-18,12.0,5.1,19.3,11.9,0.0,0.0,0.625,20896
2022-04-19,12.3,2.6,19.1,13.0,0.0,0.0,1.0,21599
2022-04-20,12.2,5.2,17.7,12.9,0.0,0.0,0.0,21790
2022-04-21,12.6,4.9,18.1,12.1,0.0,0.0,0.875,21685
2022-04-22,13.1,8.7,17.8,9.7,0.0,0.0,0.5,22704
2022-04-23,13.6,9.3,18.7,11.0,0.0,0.0,0.25,23882
2022-04-24,12.0,7.7,17.5,12.9,0.0,0.0,0.125,20758
2022-04-25,8.6,6.9,10.5,0.2,4.1,3.8,1.0,17652
2022-04-26,9.2,2.4,13.8,9.7,0.0,0.0,0.375,20679
2022-04-27,7.5,0.2,13.6,9.3,0.0,0.0,0.375,21048
2022-04-28,8.8,0.2,15.2,12.6,0.0,0.0,0.625,21322
2022-04-29,8.8,5.4,13.1,5.6,0.0,0.0,1.0,18654
2022-04-30,7.9,1.3,12.5,1.9,0.0,0.0,0.875,18341
2022-05-01,9.1,0.3,15.6,9.3,0.0,0.0,0.75,22441
2022-05-02,10.8,1.7,17.7,13.7,0.0,0.0,0.125,21869
2022-05-03,9.7,2.5,15.9,3.9,0.0,0.0,1.0,18049
2022-05-04,10.3,3.9,16.1,12.3,0.0,0.0,1.0,22303
2022-05-05,12.1,3.8,19.4,3.6,0.0,0.0,0.75,19463
2022-05-06,13.7,8.4,21.0,6.9,0.0,0.0,0.875,19509
2022-05-07,14.7,9.4,20.6,7.5,0.0,0.0,0.75,23190
2022-05-08,11.9,7.1,17.0,14.2,0.0,0.0,0.375,23174
2022-05-09,14.3,3.1,22.7,12.6,0.0,0.0,0.5,23358
2022-05-10,17.1,9.5,23.8,2.4,0.0,0.0,1.0,19323
2022-05-11,16.4,10.9,21.1,9.1,1.0,2.0,0.75,24978
2022-05-12,14.2,9.5,19.4,12.4,0.0,0.0,0.25,24079
2022-05-13,14.5,10.9,18.3,7.5,0.0,0.0,0.75,22792
2022-05-14,15.6,9.5,21.7,12.1,0.0,0.0,0.375,24561
2022-05-15,18.3,7.3,25.0,14.4,0.0,0.0,0.5,24632
2022-05-16,17.8,13.5,24.5,5.5,0.5,1.1,0.625,19089
2022-05-17,18.5,11.0,25.2,5.8,0.0,0.0,0.875,18036
2022-05-18,19.2,12.3,24.7,9.6,0.0,0.0,1.0,24784
2022-05-19,16.9,9.4,23.0,4.9,3.5,22.6,0.75,18184
2022-05-20,13.3,7.5,20.1,4.3,3.4,19.0,0.875,18531
2022-05-21,14.0,7.5,17.6,7.5,0.0,0.0,0.75,22309
2022-05-22,15.6,5.8,21.4,13.5,0.0,0.0,0.75,23725
2022-05-23,15.8,12.4,21.9,0.9,4.3,20.0,1.0,18590
2022-05-24,13.3,7.9,17.5,6.2,1.0,1.4,0.75,19161
2022-05-25,13.7,6.9,17.8,6.4,0.8,0.3,0.75,18841
2022-05-26,16.1,13.7,19.0,6.4,0.6,0.3,0.875,19208
2022-05-27,13.8,10.8,15.9,10.0,0.3,0.3,0.625,23203
2022-05-28,11.9,5.5,16.2,10.6,0.6,0.2,0.375,22439
2022-05-29,10.4,5.2,14.2,3.6,0.9,0.5,0.875,18390
2022-05-30,10.4,4.3,14.7,4.7,0.0,0.0,0.75,19231
2022-05-31,11.9,6.1,18.2,5.0,2.7,3.6,1.0,18062
2022-06-01,12.6,6.6,16.5,11.0,1.1,1.0,0.5,22182
2022-06-02,13.7,4.6,19.6,13.5,0.0,0.0,0.375,23171
2022-06-03,17.3,10.3,23.7,12.5,0.0,0.0,0.75,24984
2022-06-04,16.8,11.3,22.7,8.6,0.0,0.0,0.75,23919
2022-06-05,16.4,13.0,21.4,0.3,9.7,25.9,1.0,18834
2022-06-06,13.9,12.4,18.1,3.5,5.7,11.4,1.0,18320
2022-06-07,15.5,12.9,19.6,6.0,0.0,0.0,0.875,19042
2022-06-08,15.6,13.3,18.8,2.0,5.6,9.6,1.0,19311
2022-06-09,16.4,10.3,20.2,12.7,0.2,1.1,0.375,23845
2022-06-10,17.7,10.2,22.1,3.8,0.0,0.0,0.75,18894
2022-06-11,17.9,12.0,21.9,14.3,0.0,0.0,0.25,23059
2022-06-12,16.0,10.2,21.0,13.4,0.0,0.0,0.5,24967
2022-06-13,14.4,7.9,18.2,10.7,0.0,0.0,0.625,23803
2022-06-14,15.2,6.0,21.1,12.3,0.0,0.0,0.375,24410
2022-06-15,17.8,8.0,23.9,15.0,0.0,0.0,0.5,24672
2022-06-16,17.8,8.5,24.4,14.3,0.0,0.0,0.5,24497
2022-06-17,22.1,12.0,28.9,12.0,0.0,0.0,0.625,25154
2022-06-18,21.2,14.7,27.0,12.5,0.0,0.0,0.375,24543
2022-06-19,14.8,12.4,17.6,2.3,2.4,1.8,1.0,19731
2022-06-20,15.0,8.2,19.1,10.7,0.0,0.0,0.625,24944
2022-06-21,15.7,6.6,22.2,10.7,0.0,0.0,0.75,22452
2022-06-22,18.6,8.7,25.2,15.5,0.0,0.0,0.0,24565
2022-06-23,22.8,12.9,29.8,14.2,0.0,0.0,0.5,25883
2022-06-24,19.0,16.5,23.4,3.5,4.0,20.1,0.875,18883
2022-06-25,18.4,15.4,23.0,4.7,3.6,5.2,0.875,18721
2022-06-26,17.5,14.9,20.8,4.7,0.0,0.0,0.875,18915
2022-06-27,16.2,12.3,19.9,3.8,2.8,6.3,0.75,19567
2022-06-28,17.6,10.3,23.0,14.4,0.0,0.0,0.125,23238
2022-06-29,20.6,11.5,26.9,11.1,0.0,0.0,0.5,24501
2022-06-30,17.8,13.8,23.6,7.6,2.8,9.5,0.75,24202
2022-07-01,16.2,11.3,20.5,10.7,0.0,0.0,0.5,23994
2022-07-02,18.1,10.2,23.9,10.6,0.0,0.0,0.5,23979
2022-07-03,16.7,10.7,21.1,10.1,0.2,0.6,0.625,23601
2022-07-04,16.5,9.4,22.1,12.1,0.0,0.0,0.375,22674
2022-07-05,15.7,9.8,20.7,7.8,0.0,0.0,0.625,23373
2022-07-06,16.8,9.0,21.7,6.0,0.0,0.0,0.875,18575
2022-07-07,16.4,14.6,18.9,2.9,0.9,0.6,1.0,18754
2022-07-08,17.9,9.7,23.5,12.0,0.0,0.0,0.625,23875
2022-07-09,17.1,12.3,21.7,7.5,0.0,0.0,0.875,24082
2022-07-10,17.3,12.9,21.1,3.5,0.0,0.0,0.875,19756
2022-07-11,18.1,12.3,23.4,5.7,0.0,0.0,1.0,18448
2022-07-12,20.8,10.5,26.8,7.2,0.6,0.5,0.875,23400
2022-07-13,21.5,13.6,27.2,10.4,0.0,0.0,1.0,25339
2022-07-14,17.2,9.8,22.5,12.7,0.0,0.0,0.5,23849
2022-07-15,17.0,8.4,22.0,10.8,0.0,0.0,0.625,24639
2022-07-16,17.2,9.6,21.6,14.6,0.0,0.0,0.5,24312
2022-07-17,17.8,8.0,26.0,13.8,0.0,0.0,0.75,25360
2022-07-18,22.3,10.6,32.2,13.1,0.0,0.0,0.5,26630
2022-07-19,26.9,14.2,35.5,14.7,0.0,0.0,0.0,26311
2022-07-20,23.7,18.3,27.7,10.7,1.0,0.3,0.625,24933
2022-07-21,17.7,15.6,19.8,0.3,6.2,8.0,1.0,18151
2022-07-22,17.5,12.7,20.7,4.6,0.0,0.0,1.0,19466
2022-07-23,18.3,10.3,25.1,13.4,0.0,0.0,0.5,24203
2022-07-24,22.8,13.5,29.4,13.4,0.0,0.0,0.625,26676
2022-07-25,21.0,17.4,24.5,4.2,0.0,0.0,0.875,20023
2022-07-26,17.1,10.5,20.2,3.9,1.4,3.9,0.875,18310
2022-07-27,15.8,8.8,20.9,9.6,0.0,0.0,0.625,23737
2022-07-28,17.2,11.5,22.3,8.8,0.0,0.0,1.0,23683
2022-07-29,18.9,14.5,24.5,11.0,0.0,0.0,0.5,24464
2022-07-30,19.2,11.0,24.4,7.7,0.0,0.0,0.625,24695
2022-07-31,19.1,16.1,22.0,0.2,3.1,1.9,1.0,18359
2022-08-01,18.1,11.2,22.8,7.2,1.8,1.9,0.875,25861
2022-08-02,21.0,11.6,27.7,11.9,0.0,0.0,0.625,23699
2022-08-03,23.0,17.1,29.5,12.6,0.0,0.0,0.75,24681
2022-08-04,21.4,16.5,26.4,6.8,0.0,0.0,1.0,18780
2022-08-05,17.4,8.6,21.6,8.6,0.0,0.0,0.5,24313
2022-08-06,15.7,7.2,22.7,13.6,0.0,0.0,0.625,25206
2022-08-07,16.6,8.4,23.1,13.5,0.0,0.0,0.5,24833
2022-08-08,17.3,9.5,23.4,9.1,0.0,0.0,0.5,23914
2022-08-09,19.4,11.2,25.7,13.7,0.0,0.0,0.25,24291
2022-08-10,22.3,14.1,30.0,14.0,0.0,0.0,0.25,24609
2022-08-11,24.0,14.1,31.6,13.9,0.0,0.0,0.0,27448
2022-08-12,23.8,15.6,32.3,13.7,0.0,0.0,0.0,25215
2022-08-13,22.4,12.1,31.0,13.7,0.0,0.0,0.0,27596
2022-08-14,24.0,13.6,32.2,11.6,0.0,0.0,0.5,24384
2022-08-15,22.4,17.5,26.2,2.9,0.0,0.0,0.875,18417
2022-08-16,21.1,14.6,27.4,6.8,0.0,0.0,0.75,19278
2022-08-17,19.4,17.5,21.2,1.3,5.9,42.8,1.0,18461
2022-08-18,19.9,15.0,24.3,8.0,0.0,0.0,0.375,24791
2022-08-19,19.3,13.2,24.2,2.1,0.0,0.0,0.75,19688
2022-08-20,18.8,11.8,23.9,9.5,0.0,0.0,0.375,24825
2022-08-21,17.7,10.8,24.5,7.7,0.0,0.0,0.625,26142
2022-08-22,19.9,15.2,25.8,9.2,0.0,0.0,0.625,23705
2022-08-23,21.7,15.6,28.5,8.6,0.0,0.0,0.5,24356
2022-08-24,23.1,15.2,30.2,10.5,0.0,0.0,0.5,25554
2022-08-25,24.2,17.5,32.6,8.9,0.0,0.0,0.75,25573
2022-08-26,19.2,15.7,20.9,0.2,0.0,0.0,0.875,18676
2022-08-27,16.8,10.6,22.3,1.8,0.0,0.0,0.625,18553
2022-08-28,15.6,8.2,22.0,11.8,0.0,0.0,0.5,24248
2022-08-29,16.9,9.9,22.5,5.4,0.0,0.0,0.75,18961
2022-08-30,18.5,13.8,23.5,11.5,0.0,0.0,0.625,24749
2022-08-31,18.4,13.9,23.8,11.8,0.0,0.0,0.375,25540
2022-09-01,18.7,11.9,24.7,12.5,0.0,0.0,0.25,23282
2022-09-02,19.7,13.6,26.0,11.3,0.0,0.0,0.875,25384
2022-09-03,19.5,13.2,26.8,11.8,0.0,0.0,0.375,22441
2022-09-04,18.9,12.5,26.9,9.1,0.0,0.0,0.875,24393
2022-09-05,21.1,11.4,29.7,7.1,1.1,0.2,0.875,24249
2022-09-06,20.9,15.3,27.2,9.6,2.8,10.0,0.75,24993
2022-09-07,18.7,14.4,24.4,9.5,2.2,5.9,0.875,22754
2022-09-08,17.4,14.5,22.3,4.5,5.1,13.4,0.875,18647
2022-09-09,15.8,12.9,18.2,2.0,1.4,1.6,1.0,17839
2022-09-10,16.9,11.9,21.2,6.8,1.8,4.2,0.5,18115
2022-09-11,15.7,10.1,22.6,6.9,0.0,0.0,0.625,18145
2022-09-12,17.4,10.3,24.4,9.4,0.0,0.0,1.0,23455
2022-09-13,18.1,13.7,22.7,4.9,0.0,0.0,1.0,18038
2022-09-14,15.5,11.7,20.3,3.3,0.0,0.0,1.0,17350
2022-09-15,14.9,10.7,19.7,3.2,0.8,2.6,1.0,18933
2022-09-16,12.5,10.4,16.2,6.5,3.7,7.9,0.75,16816
2022-09-17,12.4,9.9,16.9,8.4,3.0,5.3,0.75,23270
2022-09-18,11.1,8.6,13.3,0.0,9.0,14.7,0.875,17846
2022-09-19,12.5,7.9,16.6,5.3,1.2,1.8,0.875,17090
2022-09-20,12.2,7.2,16.6,3.3,0.0,0.0,0.875,18927
2022-09-21,10.3,4.5,18.0,8.0,0.0,0.0,0.5,23183
2022-09-22,10.9,3.3,19.0,10.4,0.0,0.0,0.625,21607
2022-09-23,13.4,6.6,18.0,0.8,2.4,0.8,1.0,17983
2022-09-24,12.7,7.1,14.6,0.5,11.7,7.4,0.75,17955
2022-09-25,11.3,4.7,17.4,7.8,0.0,0.0,0.625,20044
2022-09-26,11.5,9.9,13.5,0.8,10.7,17.4,1.0,16877
2022-09-27,9.1,7.3,11.2,0.6,6.5,9.2,1.0,18005
2022-09-28,9.5,4.2,14.9,7.1,0.0,0.0,0.625,20066
2022-09-29,7.9,2.5,15.8,8.8,0.0,0.0,0.5,19944
2022-09-30,11.3,2.7,17.2,9.1,2.9,5.6,0.75,21523
2022-10-01,14.2,11.0,18.0,7.8,4.1,12.4,0.625,22402
2022-10-02,13.2,6.2,18.3,6.8,0.4,1.1,0.5,18853
2022-10-03,11.1,4.4,17.4,2.8,0.0,0.0,0.75,17098
2022-10-04,14.3,8.6,18.4,8.7,0.0,0.0,1.0,22061
2022-10-05,15.7,13.0,18.3,0.5,1.0,1.7,0.875,18577
2022-10-06,12.3,6.5,17.4,10.2,0.0,0.0,0.25,20901
2022-10-07,13.4,7.0,17.1,4.5,0.0,0.0,0.75,18291
2022-10-08,11.3,4.3,16.1,8.9,0.6,0.2,0.375,22119
2022-10-09,9.7,3.3,16.5,10.2,0.0,0.0,0.75,21326
2022-10-10,9.6,3.3,15.7,3.7,1.1,0.4,0.75,18025
2022-10-11,8.4,1.8,16.7,7.0,0.0,0.0,0.75,20098
2022-10-12,8.9,2.5,15.5,6.9,0.0,0.0,0.875,17874
2022-10-13,12.0,6.3,14.9,0.1,0.5,0.1,0.875,17801
2022-10-14,12.6,8.1,16.1,0.4,4.7,2.8,1.0,18450
2022-10-15,13.6,9.1,16.4,1.9,3.0,3.2,0.875,18519
2022-10-16,14.5,12.5,17.8,6.7,2.1,1.5,0.875,17341
2022-10-17,15.5,12.5,17.8,0.9,4.4,8.1,1.0,17346
2022-10-18,11.2,4.2,18.2,8.5,0.0,0.0,0.375,21511
2022-10-19,8.8,1.7,14.6,8.9,0.0,0.0,0.875,19514
2022-10-20,12.2,7.4,15.6,1.0,2.6,3.3,1.0,17498
2022-10-21,14.9,11.8,19.7,3.7,0.7,2.4,0.875,17897
2022-10-22,13.7,9.7,18.2,4.8,0.0,0.0,0.875,17941
2022-10-23,15.1,10.2,18.6,1.5,0.4,0.4,1.0,17619
2022-10-24,15.2,12.6,16.7,2.7,0.8,0.4,0.875,17286
2022-10-25,13.7,9.9,17.2,4.6,0.0,0.0,0.875,17887
2022-10-26,15.0,10.3,19.4,6.8,0.3,0.3,1.0,18242
2022-10-27,15.7,12.8,19.4,2.8,0.0,0.0,1.0,17584
2022-10-28,16.0,10.3,20.5,3.5,0.0,0.0,1.0,16084
2022-10-29,15.8,9.3,21.1,3.3,0.0,0.0,1.0,17062
2022-10-30,14.4,10.3,20.2,6.0,0.0,0.0,1.0,17853
2022-10-31,12.8,6.7,16.2,0.7,0.9,0.1,1.0,17619
2022-11-01,14.7,11.7,16.9,7.5,2.2,2.5,0.625,22618
2022-11-02,12.3,10.2,14.7,6.7,1.0,1.7,0.625,18153
2022-11-03,12.6,10.8,16.2,0.8,4.6,7.0,1.0,18592
2022-11-04,8.9,5.2,12.5,4.3,1.5,2.3,0.75,17787
2022-11-05,9.0,3.4,12.3,4.2,0.0,0.0,0.75,16843
2022-11-06,10.4,8.1,12.6,0.8,5.3,7.2,1.0,18907
2022-11-07,13.0,10.9,14.3,0.2,1.1,0.3,1.0,16367
2022-11-08,13.1,10.7,15.4,2.1,0.0,0.0,0.875,18991
2022-11-09,12.3,10.0,14.1,3.4,0.7,0.6,0.625,17746
2022-11-10,11.5,9.3,14.7,5.5,0.0,0.0,0.875,18102
2022-11-11,9.1,3.0,12.9,3.1,0.0,0.0,0.875,18342
2022-11-12,7.5,2.4,16.2,7.9,0.0,0.0,0.75,21555
2022-11-13,6.9,1.7,16.1,8.0,0.0,0.0,0.625,19672
2022-11-14,5.5,1.1,9.3,6.6,0.0,0.0,0.25,16911
2022-11-15,10.7,6.3,12.7,3.7,6.5,8.5,1.0,17910
2022-11-16,10.6,9.2,12.3,4.9,5.1,5.9,0.75,18846
2022-11-17,10.1,8.0,11.2,0.0,11.3,18.6,1.0,17116
2022-11-18,7.6,3.7,10.5,1.0,3.6,1.8,1.0,17468
2022-11-19,0.4,-5.1,3.8,5.1,0.0,0.0,0.375,17785
2022-11-20,-0.9,-7.0,2.8,1.1,7.6,9.3,0.875,17962
2022-11-21,5.1,1.4,8.6,1.5,6.0,6.9,1.0,17396
2022-11-22,6.6,4.8,8.5,0.0,0.0,0.0,0.875,18147
2022-11-23,8.3,7.3,9.8,2.8,2.9,3.3,0.75,17905
2022-11-24,8.9,7.4,11.4,5.4,2.1,2.6,0.875,16949
2022-11-25,8.4,2.8,12.1,6.3,3.2,6.2,0.375,18246
2022-11-26,6.6,2.3,10.5,2.0,0.0,0.0,0.875,17553
2022-11-27,6.5,5.6,7.8,0.0,11.1,10.6,1.0,19518
2022-11-28,8.6,6.9,10.0,0.2,5.7,1.8,1.0,17210
2022-11-29,7.3,5.1,9.2,0.5,0.6,0.5,1.0,16745
2022-11-30,5.6,-0.1,8.9,2.5,1.0,0.5,0.75,17280
2022-12-01,3.5,-1.0,7.0,3.6,0.0,0.0,0.5,17485
2022-12-02,2.6,1.9,3.8,0.0,0.0,0.0,1.0,18154
2022-12-03,1.2,-0.1,2.5,0.0,0.0,0.0,1.0,18535
2022-12-04,1.1,0.0,3.0,0.0,0.0,0.0,1.0,17537
2022-12-05,4.9,3.0,5.6,0.0,0.0,0.0,1.0,17979
2022-12-06,5.0,0.9,7.5,2.7,1.4,1.2,0.875,18255
2022-12-07,3.9,1.5,6.9,3.3,0.3,0.1,0.875,17863
2022-12-08,2.4,-0.5,4.0,1.8,7.1,7.2,1.0,16960
2022-12-09,0.3,-1.9,2.2,2.1,0.0,0.0,0.75,17768
2022-12-10,-0.5,-1.6,1.1,0.0,0.0,0.0,1.0,17585
2022-12-11,1.3,0.5,2.0,0.0,0.0,0.0,1.0,17959
2022-12-12,-2.3,-6.2,0.8,6.6,0.0,0.0,0.125,17669
2022-12-13,-4.2,-7.6,-1.4,2.7,0.0,0.0,0.625,17351
2022-12-14,-4.4,-7.7,0.6,6.2,0.0,0.0,0.25,18553
2022-12-15,-2.7,-7.6,3.0,5.6,0.2,0.3,0.375,17448
2022-12-16,-0.9,-5.4,3.7,6.6,0.0,0.0,0.5,17462
2022-12-17,-1.8,-4.2,-0.3,2.9,0.0,0.0,1.0,17617
2022-12-18,-2.4,-6.4,0.7,0.9,4.3,2.2,1.0,17226
2022-12-19,7.7,0.7,10.2,0.0,9.2,5.5,1.0,18081
2022-12-20,10.0,8.3,11.2,0.0,9.9,7.5,1.0,17630
2022-12-21,7.9,6.5,9.2,0.7,1.7,0.7,1.0,18348
2022-12-22,8.7,6.9,10.1,2.0,7.0,5.5,0.875,18522
2022-12-23,9.5,8.4,11.1,0.5,7.7,11.8,1.0,17973
2022-12-24,9.1,6.9,11.0,2.6,0.3,0.2,0.875,18456
2022-12-25,8.6,7.6,9.3,0.0,11.2,8.8,1.0,17867
2022-12-26,7.0,3.9,9.8,1.7,1.1,0.7,0.75,17279
2022-12-27,5.7,3.9,7.3,4.1,1.8,1.0,0.75,17723
2022-12-28,9.2,6.0,11.4,0.0,6.5,4.3,1.0,17336
2022-12-29,9.2,6.5,11.7,0.4,2.7,3.5,0.875,17700
2022-12-30,8.5,4.6,12.9,0.0,6.7,5.2,0.875,18384
2022-12-31,14.0,10.4,15.9,0.0,11.0,21.2,1.0,18365
2023-01-01,12.4,10.4,15.6,0.8,4.8,6.1,1.0,17858
2023-01-02,8.8,4.3,12.8,0.3,2.8,3.8,0.75,18842
2023-01-03,6.3,1.1,9.1,0.3,1.5,1.3,1.0,17334
2023-01-04,11.6,8.5,12.8,0.0,8.7,12.5,1.0,18255
2023-01-05,10.8,9.6,12.0,0.3,1.2,0.8,1.0,17455
2023-01-06,10.6,9.3,11.7,4.8,2.5,1.7,0.875,17662
2023-01-07,10.4,8.4,11.7,2.6,1.7,4.0,1.0,17968
2023-01-08,8.4,6.6,10.1,5.7,0.9,0.4,0.625,17578
2023-01-09,7.0,5.0,8.8,1.1,3.6,3.6,0.75,17474
2023-01-10,7.0,5.1,10.4,0.3,6.8,6.5,0.875,18350
2023-01-11,10.0,8.4,11.6,4.9,5.2,6.1,0.875,17878
2023-01-12,10.3,8.7,11.4,0.0,18.6,40.0,0.875,17959
2023-01-13,8.7,6.6,9.8,0.4,2.5,3.9,0.875,17554
2023-01-14,8.4,5.7,11.5,0.0,11.7,15.5,1.0,17747
2023-01-15,6.2,4.3,7.8,2.0,1.9,2.0,0.875,18320
2023-01-16,4.1,2.8,5.4,0.0,11.6,11.0,1.0,17253
2023-01-17,1.4,-1.5,4.8,4.3,0.9,1.1,0.375,17934
2023-01-18,1.7,-3.5,5.1,5.9,2.6,4.9,0.625,17477
2023-01-19,3.0,-0.1,6.2,5.8,3.9,6.4,0.75,18058
2023-01-20,0.4,-0.7,1.5,0.0,4.3,8.0,0.625,17912
2023-01-21,-1.4,-3.9,0.1,0.6,0.0,0.0,0.75,16571
2023-01-22,0.4,-2.2,1.5,0.0,0.0,0.0,0.875,17565
2023-01-23,2.6,1.2,4.1,1.6,0.0,0.0,1.0,17730
2023-01-24,1.7,0.3,3.1,0.0,0.0,0.0,1.0,17045
2023-01-25,-0.7,-1.3,0.3,0.0,0.0,0.0,1.0,17940
2023-01-26,4.1,-0.5,8.1,3.7,3.2,0.5,0.875,17747
2023-01-27,4.0,2.4,5.4,1.8,0.0,0.0,0.875,17821
2023-01-28,3.2,1.5,6.2,5.0,0.0,0.0,0.875,18003
2023-01-29,4.3,3.0,6.6,0.0,0.0,0.0,1.0,17223
2023-01-30,6.7,3.6,8.6,2.5,2.1,2.3,0.625,18186
2023-01-31,6.4,3.2,9.7,1.0,0.0,0.0,0.75,17108
2023-02-01,7.8,5.6,9.0,1.0,0.8,1.0,1.0,17919
2023-02-02,8.3,6.5,9.4,0.0,4.9,2.8,1.0,16591
2023-02-03,9.2,7.5,10.7,0.2,0.4,0.1,1.0,18649
2023-02-04,7.3,4.1,9.9,1.8,0.3,0.1,1.0,17635
2023-02-05,6.5,2.7,8.3,1.9,1.1,1.1,0.875,17522
2023-02-06,3.1,-1.8,8.6,5.3,0.0,0.0,0.625,17320
2023-02-07,-0.3,-4.6,5.9,8.5,0.0,0.0,0.0,18711
2023-02-08,0.1,-5.4,6.7,8.5,0.0,0.0,0.625,19207
2023-02-09,1.8,-1.8,5.3,3.8,0.0,0.0,1.0,18115
2023-02-10,3.6,-3.0,8.0,6.5,0.0,0.0,0.875,17843
2023-02-11,7.7,5.3,10.4,2.4,0.0,0.0,1.0,17880
2023-02-12,7.1,6.1,8.4,0.0,0.0,0.0,1.0,17063
2023-02-13,6.7,0.1,11.5,8.7,0.0,0.0,0.375,20093
2023-02-14,4.0,-0.8,12.2,8.7,0.0,0.0,0.125,18650
2023-02-15,5.3,-0.9,11.2,8.0,0.0,0.0,0.75,18235
2023-02-16,8.3,4.7,11.0,1.3,4.7,2.4,1.0,17800
2023-02-17,10.4,8.8,11.9,1.5,0.2,0.1,1.0,17002
2023-02-18,10.3,8.6,12.3,0.4,5.6,4.9,1.0,17300
2023-02-19,7.8,5.1,10.0,0.4,2.5,1.5,1.0,18939
2023-02-20,8.1,5.9,9.2,0.0,0.0,0.0,1.0,17820
2023-02-21,7.9,6.0,8.8,0.0,0.0,0.0,1.0,17667
2023-02-22,7.0,4.3,9.5,0.0,0.9,0.8,1.0,17100
2023-02-23,6.4,-0.1,9.2,0.0,2.3,1.1,0.875,17184
2023-02-24,4.4,-1.6,8.2,1.7,2.9,2.8,0.875,17857
2023-02-25,3.5,-2.1,7.2,5.9,0.7,2.4,0.375,18302
2023-02-26,2.5,-1.6,6.5,9.9,0.0,0.0,0.25,20098
2023-02-27,1.7,-4.4,7.3,8.8,0.0,0.0,0.25,18281
2023-02-28,2.3,-3.7,6.8,6.5,0.8,0.1,0.5,17853
2023-03-01,1.6,-5.8,7.8,10.0,0.0,0.0,0.0,19380
2023-03-02,3.5,-0.5,8.9,9.9,0.0,0.0,0.125,19712
2023-03-03,4.3,0.1,7.9,4.0,0.0,0.0,0.875,19234
2023-03-04,5.8,3.7,7.8,1.2,0.4,0.3,1.0,18056
2023-03-05,4.0,1.8,6.4,1.3,0.6,0.3,1.0,17872
2023-03-06,4.0,1.2,6.8,2.5,5.4,3.1,1.0,18015
2023-03-07,2.1,-1.2,5.1,0.0,10.1,5.9,0.75,17128
2023-03-08,0.4,-2.5,3.0,0.1,9.1,2.2,1.0,17469
2023-03-09,1.6,0.3,2.5,0.0,10.8,11.4,1.0,17856
2023-03-10,1.7,0.0,2.6,0.0,14.0,14.4,1.0,17899
2023-03-11,1.7,-4.3,7.1,10.2,0.0,0.0,1.0,19263
2023-03-12,7.0,1.4,11.6,1.4,3.4,1.5,1.0,19300
2023-03-13,12.7,9.1,16.6,7.2,3.4,5.1,0.75,20751
2023-03-14,6.6,1.3,10.8,4.7,5.4,8.6,0.875,18209
2023-03-15,4.9,0.5,8.8,11.0,0.0,0.0,0.75,20185
2023-03-16,8.6,4.4,14.1,5.1,0.8,0.2,1.0,17332
2023-03-17,11.6,7.2,16.4,4.8,0.0,0.0,1.0,18708
2023-03-18,12.2,9.1,15.4,6.3,1.0,0.6,0.875,17449
2023-03-19,9.4,7.8,12.6,0.2,0.0,0.0,0.875,18115
2023-03-20,8.3,6.6,9.7,0.0,8.5,3.1,1.0,16855
2023-03-21,10.6,8.8,13.3,1.1,5.0,2.0,1.0,16870
2023-03-22,10.8,9.2,12.0,0.4,4.3,1.9,1.0,16965
2023-03-23,12.7,10.5,15.3,4.7,7.8,11.9,1.0,17467
2023-03-24,11.3,9.7,14.0,6.0,2.5,1.7,0.875,18050
2023-03-25,9.4,7.7,12.6,2.2,3.7,6.7,0.875,17983
2023-03-26,7.2,2.8,9.1,1.6,4.7,5.9,1.0,17055
2023-03-27,4.4,0.6,8.1,9.9,0.6,1.4,0.375,20599
2023-03-28,4.5,-1.9,8.9,4.1,2.2,0.4,0.875,17763
2023-03-29,10.6,5.6,14.2,0.0,0.0,0.0,1.0,17517
2023-03-30,12.9,9.9,15.4,6.8,0.2,0.1,0.75,18214
2023-03-31,10.7,9.8,13.0,0.2,14.4,11.9,1.0,17973
2023-04-01,9.3,6.3,11.7,0.0,12.4,13.2,1.0,18979
2023-04-02,5.8,2.4,10.0,8.2,0.0,0.0,0.5,19876
2023-04-03,4.6,-0.4,9.8,12.2,0.0,0.0,0.125,20611
2023-04-04,4.7,-2.8,10.9,11.2,0.0,0.0,0.625,21347
2023-04-05,4.8,-2.5,11.6,12.4,0.0,0.0,0.25,19755
2023-04-06,6.7,0.7,8.8,0.0,9.6,6.2,1.0,17946
2023-04-07,8.6,7.2,10.2,0.0,0.5,0.1,1.0,18533
2023-04-08,9.1,4.8,14.1,8.5,0.0,0.0,0.625,20211
2023-04-09,10.9,7.6,15.6,8.0,0.0,0.0,0.875,21063
2023-04-10,10.5,6.8,15.1,0.5,4.8,6.2,0.875,17831
2023-04-11,10.4,7.7,13.3,11.5,1.0,0.3,0.625,22362
2023-04-12,9.0,6.2,12.4,4.6,8.5,8.2,0.875,17226
2023-04-13,8.4,3.0,12.5,6.7,3.1,4.9,0.625,17969
2023-04-14,9.1,1.7,15.2,11.1,0.0,0.0,0.5,20026
2023-04-15,8.9,4.7,13.1,6.6,0.7,0.1,0.75,17119
2023-04-16,8.9,7.7,10.9,0.0,0.0,0.0,1.0,17545
2023-04-17,10.2,7.1,15.5,5.4,0.0,0.0,0.625,16947
2023-04-18,9.6,5.2,13.9,4.6,0.0,0.0,0.625,17314
2023-04-19,10.9,6.9,15.0,13.0,0.0,0.0,0.25,22318
2023-04-20,8.9,6.0,12.1,3.3,2.1,0.6,0.875,18118
2023-04-21,10.7,5.7,16.2,4.0,4.0,5.8,0.875,17901
2023-04-22,8.9,3.6,17.2,3.8,3.6,3.0,0.875,18108
2023-04-23,11.5,6.9,16.9,5.3,4.3,5.2,0.875,17239
2023-04-24,8.6,5.5,10.9,3.0,7.2,11.3,1.0,17700
2023-04-25,6.4,2.1,10.7,7.5,0.4,0.3,0.625,20168
2023-04-26,5.2,-0.7,10.3,4.0,0.0,0.0,0.75,17868
2023-04-27,7.9,-1.2,13.3,11.0,0.0,0.0,0.875,20650
2023-04-28,10.6,8.2,13.6,0.0,4.2,1.7,1.0,18620
2023-04-29,11.1,4.7,15.9,8.8,0.0,0.0,0.5,21782
2023-04-30,11.0,2.5,17.9,10.6,0.0,0.0,0.75,20835
2023-05-01,11.8,6.3,17.0,4.5,0.7,0.1,0.875,19386
2023-05-02,9.2,3.3,12.8,8.8,0.0,0.0,0.625,22036
2023-05-03,9.3,0.6,15.6,13.0,0.0,0.0,0.875,23040
2023-05-04,14.9,5.9,22.1,12.1,0.0,0.0,1.0,23081
2023-05-05,13.8,9.9,18.8,6.7,4.6,10.6,0.75,20021
2023-05-06,14.8,8.8,20.6,4.6,1.0,0.4,0.875,18972
2023-05-07,15.2,10.9,21.2,4.1,2.5,16.6,0.875,18502
2023-05-08,14.8,9.2,20.1,1.9,0.0,0.0,0.875,18564
2023-05-09,13.7,12.3,14.9,0.0,14.4,13.6,1.0,18071
2023-05-10,13.0,11.4,15.9,1.9,2.2,9.5,1.0,19094
2023-05-11,13.2,10.0,16.5,1.0,1.1,1.5,1.0,19501
2023-05-12,15.5,11.3,22.0,4.2,3.2,3.4,0.875,18256
2023-05-13,16.4,10.8,22.2,14.0,0.0,0.0,0.125,23994
2023-05-14,14.6,10.5,20.0,11.3,0.0,0.0,1.0,24614
2023-05-15,11.3,8.5,15.0,1.8,0.0,0.0,1.0,19156
2023-05-16,10.7,5.6,15.2,10.0,0.0,0.0,0.375,23793
2023-05-17,10.5,4.7,14.2,14.1,0.0,0.0,0.25,21835
2023-05-18,10.2,3.5,15.5,10.7,0.0,0.0,1.0,22178
2023-05-19,13.8,6.6,19.2,12.4,0.0,0.0,0.625,21927
2023-05-20,15.9,10.4,20.2,8.7,0.0,0.0,0.75,24635
2023-05-21,16.9,14.0,21.4,8.4,0.0,0.0,0.75,23085
2023-05-22,18.0,12.1,24.3,12.1,0.0,0.0,0.375,25626
2023-05-23,12.4,6.8,15.5,6.7,0.0,0.0,0.625,18180
2023-05-24,11.6,4.4,16.3,8.9,0.0,0.0,0.5,22269
2023-05-25,12.0,4.9,17.2,9.6,0.0,0.0,0.375,23840
2023-05-26,12.4,6.5,18.2,14.5,0.0,0.0,0.0,22305
2023-05-27,14.7,6.0,22.1,14.5,0.0,0.0,0.125,23157
2023-05-28,15.7,10.5,21.8,11.2,0.0,0.0,0.5,24896
2023-05-29,12.8,8.7,17.7,14.5,0.0,0.0,0.75,22866
2023-05-30,12.7,7.3,16.2,6.7,0.0,0.0,0.75,18774
2023-05-31,15.4,9.2,22.4,15.2,0.0,0.0,0.375,23794
2023-06-01,12.5,10.0,16.5,3.5,0.0,0.0,1.0,18917
2023-06-02,13.9,10.4,18.6,4.1,0.0,0.0,0.75,18769
2023-06-03,16.6,9.7,21.9,15.2,0.0,0.0,0.125,24493
2023-06-04,15.9,9.9,21.8,15.2,0.0,0.0,0.125,24810
2023-06-05,14.5,9.3,20.0,14.6,0.0,0.0,0.125,22009
2023-06-06,15.7,9.9,21.9,15.2,0.0,0.0,0.375,23901
2023-06-07,15.9,10.2,22.4,11.2,0.0,0.0,0.625,23804
2023-06-08,17.8,10.7,24.7,12.5,0.0,0.0,0.25,24809
2023-06-09,21.8,12.4,29.1,14.5,0.0,0.0,0.125,25509
2023-06-10,23.6,17.1,29.8,15.3,0.0,0.0,0.0,25985
2023-06-11,24.5,15.2,30.3,15.3,0.0,0.0,0.125,25805
2023-06-12,24.3,15.9,29.9,14.0,0.0,0.0,0.625,25369
2023-06-13,22.4,14.6,27.5,15.3,0.0,0.0,0.0,24832
2023-06-14,20.3,13.5,25.4,15.3,0.0,0.0,0.0,25620
2023-06-15,20.0,10.9,26.1,14.2,0.0,0.0,0.125,24836
2023-06-16,19.1,10.3,26.5,15.3,0.0,0.0,0.0,24643
2023-06-17,20.5,8.7,27.6,13.7,0.0,0.0,0.625,23227
2023-06-18,21.9,15.2,25.1,1.3,0.0,0.0,1.0,18405
2023-06-19,21.3,18.7,25.7,8.4,0.0,0.0,0.875,25262
2023-06-20,22.1,18.6,29.6,5.2,5.5,7.0,1.0,18600
2023-06-21,20.8,14.9,25.7,13.5,0.0,0.0,0.625,26413
2023-06-22,18.9,13.0,24.2,3.8,5.6,3.7,0.875,18503
2023-06-23,20.2,14.8,25.6,13.0,0.0,0.0,0.5,25639
2023-06-24,21.3,12.7,28.3,14.3,0.0,0.0,0.125,25225
2023-06-25,24.5,15.7,31.3,15.3,0.0,0.0,0.0,24723
2023-06-26,19.2,13.0,22.8,12.4,0.0,0.0,0.625,25396
2023-06-27,17.7,12.8,22.2,4.4,3.7,0.9,1.0,17555
2023-06-28,18.4,14.2,21.8,0.2,5.6,2.0,1.0,19874
2023-06-29,18.6,11.5,23.5,1.7,0.4,0.7,1.0,18279
2023-06-30,17.6,8.5,22.9,8.1,0.0,0.0,0.75,24923
2023-07-01,17.6,15.8,19.8,0.5,3.0,4.0,1.0,18321
2023-07-02,17.3,12.5,20.8,9.9,0.0,0.0,0.75,23783
2023-07-03,16.6,13.0,19.7,2.9,2.7,7.8,1.0,17156
2023-07-04,16.8,12.5,21.3,5.3,2.3,3.3,1.0,18872
2023-07-05,14.3,11.6,18.9,3.5,8.3,25.4,0.875,19105
2023-07-06,16.9,11.0,22.0,8.6,0.3,0.2,0.875,25174
2023-07-07,21.0,9.3,27.3,15.3,0.0,0.0,0.25,24645
2023-07-08,24.7,17.1,32.2,13.7,0.0,0.0,0.25,25150
2023-07-09,22.0,17.4,29.6,5.8,0.5,2.4,0.875,19283
2023-07-10,20.5,15.0,25.4,13.3,0.0,0.0,0.625,24504
2023-07-11,21.5,14.0,27.9,10.1,0.5,3.6,0.875,25212
2023-07-12,18.8,16.0,22.6,10.3,0.9,2.4,0.75,25624
2023-07-13,17.8,13.1,21.8,7.4,1.2,2.3,0.625,24279
2023-07-14,19.3,13.1,23.0,4.6,0.0,0.0,1.0,18356
2023-07-15,21.0,16.6,26.2,6.9,0.6,1.3,0.75,18934
2023-07-16,19.1,16.5,22.6,8.5,0.0,0.0,0.625,23929
2023-07-17,17.3,13.2,20.6,9.5,0.9,6.2,0.625,23721
2023-07-18,18.0,11.2,23.8,9.0,0.0,0.0,0.875,24503
2023-07-19,17.7,13.2,21.4,3.9,0.8,1.1,1.0,18410
2023-07-20,17.1,11.7,21.6,8.3,0.0,0.0,0.5,22487
2023-07-21,15.6,10.8,21.1,7.0,0.5,0.9,0.875,22834
2023-07-22,15.4,10.2,19.5,0.6,5.6,6.2,1.0,19304
2023-07-23,18.0,14.5,22.9,2.1,2.6,0.8,1.0,19231
2023-07-24,16.9,10.0,21.4,2.4,0.3,4.3,0.875,19259
2023-07-25,15.0,8.4,19.7,8.5,0.0,0.0,0.75,23684
2023-07-26,15.4,8.5,20.7,9.9,1.3,5.2,0.625,24477
2023-07-27,17.0,13.8,19.0,0.0,12.6,14.1,1.0,19261
2023-07-28,19.8,16.6,23.8,3.6,0.2,1.0,1.0,19837
2023-07-29,18.8,16.2,22.7,5.5,1.1,1.9,0.75,20158
2023-07-30,17.4,14.7,21.2,4.5,4.9,12.6,1.0,19574
2023-07-31,17.1,15.2,18.7,0.0,11.5,14.1,1.0,19518
2023-08-01,17.1,14.6,20.5,5.5,1.5,5.3,0.875,18892
2023-08-02,17.3,14.5,22.7,4.0,6.6,17.0,0.875,19211
2023-08-03,17.0,14.3,20.2,2.8,2.7,4.6,1.0,19322
2023-08-04,16.5,12.0,20.3,4.6,0.3,0.1,0.875,18694
2023-08-05,15.2,12.4,18.6,1.9,3.0,2.6,1.0,18511
2023-08-06,14.6,13.3,15.8,0.3,14.2,14.8,1.0,18183
2023-08-07,15.4,13.3,18.6,7.5,1.8,2.5,0.75,22582
2023-08-08,15.9,13.2,18.9,5.8,2.1,2.5,0.875,19281
2023-08-09,16.2,11.7,21.0,10.9,0.0,0.0,0.625,23197
2023-08-10,17.8,11.5,23.8,7.9,0.0,0.0,0.625,22982
2023-08-11,20.9,13.7,27.5,7.5,0.0,0.0,0.625,25844
2023-08-12,19.5,16.8,23.5,7.8,3.6,19.8,0.75,25582
2023-08-13,18.0,12.5,22.3,5.3,0.2,0.2,0.75,18462
2023-08-14,19.5,11.6,26.1,10.7,0.0,0.0,0.625,24486
2023-08-15,18.6,11.8,24.1,6.8,0.0,0.0,0.625,18258
2023-08-16,18.7,10.6,23.9,10.2,0.0,0.0,1.0,25971
2023-08-17,18.1,15.9,20.3,1.2,0.0,0.0,1.0,17760
2023-08-18,21.0,15.9,26.8,7.9,0.0,0.0,0.875,25193
2023-08-19,21.8,15.5,26.4,3.9,0.0,0.0,0.875,19369
2023-08-20,19.8,13.6,26.0,11.2,0.0,0.0,0.5,26227
2023-08-21,19.7,14.6,26.4,11.5,0.0,0.0,0.5,25639
2023-08-22,18.2,12.2,24.0,7.1,0.0,0.0,0.625,23870
2023-08-23,18.8,11.7,25.9,11.9,0.0,0.0,0.5,25792
2023-08-24,20.5,13.9,25.1,3.6,0.6,0.4,0.875,18138
2023-08-25,19.2,13.9,23.0,2.3,1.2,2.7,1.0,19942
2023-08-26,15.9,12.7,20.2,8.0,1.3,4.4,0.625,23837
2023-08-27,15.0,12.5,18.2,5.8,1.7,0.6,0.75,17894
2023-08-28,15.8,9.3,21.6,9.4,0.0,0.0,0.75,23883
2023-08-29,14.1,9.1,19.6,2.4,0.3,1.8,1.0,18491
2023-08-30,13.9,11.0,19.3,4.0,3.1,7.4,0.75,18755
2023-08-31,15.2,11.6,19.8,9.4,3.2,9.4,0.75,25158
2023-09-01,15.9,11.7,20.6,1.1,1.6,4.9,1.0,17753
2023-09-02,16.5,11.3,22.6,3.6,0.0,0.0,0.875,17322
2023-09-03,16.1,10.3,23.4,8.3,0.0,0.0,1.0,22051
2023-09-04,17.8,8.6,25.2,11.6,0.0,0.0,0.875,20773
2023-09-05,21.0,14.4,28.8,12.3,0.0,0.0,0.0,23497
2023-09-06,21.7,14.6,29.6,12.2,0.0,0.0,0.125,24051
2023-09-07,20.7,12.3,29.3,12.2,0.0,0.0,0.125,24307
2023-09-08,21.6,14.0,30.0,11.8,0.0,0.0,0.375,24722
2023-09-09,20.7,12.7,29.5,9.7,0.0,0.0,0.125,23822
2023-09-10,23.3,16.2,31.1,11.1,0.0,0.0,0.5,24211
2023-09-11,22.0,17.7,27.9,8.1,0.8,1.1,0.75,23766
2023-09-12,19.7,15.9,24.3,3.4,0.0,0.0,1.0,18256
2023-09-13,16.6,10.4,20.2,8.0,0.4,0.2,0.75,22685
2023-09-14,14.1,7.7,20.9,8.9,0.0,0.0,0.75,23623
2023-09-15,14.9,7.5,22.0,9.9,0.0,0.0,0.625,21344
2023-09-16,18.1,9.1,24.8,8.6,0.0,0.0,0.625,23459
2023-09-17,16.6,14.2,19.3,0.8,5.6,19.1,1.0,17835
2023-09-18,18.6,13.7,22.2,5.1,2.4,3.5,0.875,17758
2023-09-19,16.6,13.6,18.9,2.3,1.4,0.3,1.0,17846
2023-09-20,18.5,16.5,21.8,3.2,0.0,0.0,1.0,17169
2023-09-21,15.5,13.3,19.4,0.0,12.5,11.9,1.0,18116
2023-09-22,14.0,11.5,17.7,3.8,2.7,0.8,1.0,17023
2023-09-23,13.4,9.3,17.7,4.5,1.6,6.5,0.75,17749
2023-09-24,13.9,7.3,19.7,10.3,0.0,0.0,0.375,22526
2023-09-25,15.8,11.5,21.7,5.5,0.0,0.0,1.0,17811
2023-09-26,15.9,11.6,21.5,5.1,0.0,0.0,0.875,17568
2023-09-27,17.4,10.4,23.1,4.8,0.0,0.0,0.875,18223
2023-09-28,17.0,12.9,19.5,2.7,0.0,0.0,0.75,17483
2023-09-29,15.8,8.9,20.7,3.0,0.4,4.2,0.75,17745
2023-09-30,14.7,9.4,19.5,7.0,0.0,0.0,0.875,21996
2023-10-01,17.6,13.4,23.6,9.8,0.0,0.0,0.875,21850
2023-10-02,18.2,13.0,23.6,6.1,0.0,0.0,1.0,17734
2023-10-03,15.9,12.6,20.0,3.0,3.0,4.8,0.75,18425
2023-10-04,14.6,11.7,17.7,5.1,0.0,0.0,0.875,17547
2023-10-05,15.4,13.2,18.8,2.7,0.0,0.0,1.0,18279
2023-10-06,16.1,13.0,19.8,6.7,0.0,0.0,0.875,16967
2023-10-07,18.1,15.4,20.9,4.2,0.0,0.0,0.875,18312
2023-10-08,15.0,11.6,17.6,0.4,0.0,0.0,1.0,17964
2023-10-09,17.6,14.6,20.2,0.5,0.0,0.0,1.0,17033
2023-10-10,17.4,12.5,22.7,7.4,0.0,0.0,1.0,23871
2023-10-11,17.4,15.5,19.6,0.3,0.9,0.2,1.0,18433
2023-10-12,15.5,13.1,17.3,0.0,13.4,36.7,1.0,17072
2023-10-13,17.8,13.8,21.5,0.1,12.4,36.7,1.0,17661
2023-10-14,10.9,6.9,14.1,6.1,2.4,7.8,0.5,18268
2023-10-15,7.5,4.9,11.3,5.2,6.2,11.1,0.75,19488
2023-10-16,8.8,4.6,13.1,5.5,1.1,0.3,1.0,17440
2023-10-17,8.4,5.6,13.1,9.4,0.0,0.0,0.625,22232
2023-10-18,9.4,5.4,13.6,5.6,4.1,11.3,1.0,17153
2023-10-19,15.0,10.6,18.1,1.9,3.8,2.1,1.0,16315
2023-10-20,11.6,9.3,14.6,0.0,12.4,19.4,0.875,18346
2023-10-21,13.0,11.1,15.6,1.2,5.2,4.4,1.0,16258
2023-10-22,11.3,5.5,15.7,5.9,2.1,3.3,0.75,18526
2023-10-23,10.5,5.6,13.3,1.3,4.6,3.6,0.875,17191
2023-10-24,11.4,9.3,13.4,1.7,5.4,3.8,0.75,18934
2023-10-25,9.2,6.4,10.3,0.0,10.6,15.7,0.875,18245
2023-10-26,9.4,7.4,10.8,1.3,0.2,0.1,1.0,17417
2023-10-27,10.4,7.4,11.9,0.0,13.8,11.0,1.0,17820
2023-10-28,11.8,8.6,14.8,1.5,3.6,6.7,1.0,19910
2023-10-29,12.8,10.2,14.4,2.0,1.5,5.6,0.75,18265
2023-10-30,11.0,9.6,13.6,1.6,8.7,16.8,0.75,17317
2023-10-31,11.0,9.6,14.2,4.2,10.4,18.5,1.0,17897
2023-11-01,12.2,9.6,15.4,0.4,2.4,0.9,0.875,17630
2023-11-02,10.9,8.0,14.2,0.3,7.1,9.1,1.0,17290
2023-11-03,9.5,7.6,12.2,3.2,5.8,7.1,0.875,17728
2023-11-04,9.4,7.9,10.6,0.8,7.7,10.7,1.0,16593
2023-11-05,10.4,9.2,12.2,1.1,4.5,6.2,1.0,17699
2023-11-06,9.8,8.7,12.1,4.6,1.1,0.9,0.625,18567
2023-11-07,9.6,7.5,12.5,5.0,1.3,2.0,0.75,18723
2023-11-08,9.3,7.7,10.6,2.1,11.6,20.4,1.0,18851
2023-11-09,9.4,6.8,11.5,3.7,4.8,3.7,1.0,17897
2023-11-10,7.4,5.7,8.6,0.2,4.1,4.5,1.0,18492
2023-11-11,7.5,5.5,10.2,4.0,4.2,6.1,0.875,17103
2023-11-12,5.3,2.3,8.4,2.4,0.5,0.1,0.875,17461
2023-11-13,10.2,3.5,15.3,0.7,5.5,6.9,0.875,18156
2023-11-14,11.9,10.0,13.5,0.2,6.5,13.2,1.0,17480
2023-11-15,11.0,9.9,13.6,6.0,1.4,3.7,0.875,18147
2023-11-16,6.8,3.0,10.2,0.0,0.8,3.7,1.0,18255
2023-11-17,5.1,2.2,10.3,3.4,0.0,0.0,0.75,18658
2023-11-18,8.3,4.1,13.8,0.0,8.7,12.8,1.0,17581
2023-11-19,12.4,11.2,13.9,1.7,5.1,6.1,0.875,18390
2023-11-20,9.8,4.3,12.3,2.8,4.7,8.3,0.875,18131
2023-11-21,7.2,2.2,10.5,0.0,1.1,0.2,0.875,17945
2023-11-22,4.6,0.7,8.9,1.7,0.9,0.2,1.0,18477
2023-11-23,11.2,8.4,13.3,1.3,1.2,1.0,0.75,16556
2023-11-24,6.4,5.0,8.9,2.3,3.5,4.9,0.75,17521
2023-11-25,5.0,0.5,8.4,3.3,1.6,1.9,0.625,16999
2023-11-26,5.0,-0.6,7.4,0.0,3.3,1.5,1.0,17997
2023-11-27,4.2,1.8,5.6,0.0,19.6,16.3,1.0,17932
2023-11-28,2.1,-0.2,4.5,6.8,2.5,4.9,0.5,17225
2023-11-29,2.4,-0.4,4.6,3.9,2.4,1.8,0.875,17788
2023-11-30,-0.3,-1.8,0.9,0.0,0.0,0.0,1.0,17262
2023-12-01,-1.2,-3.4,0.8,3.8,0.0,0.0,0.75,17656
2023-12-02,-0.4,-4.1,2.6,2.3,0.0,0.0,0.875,16731
2023-12-03,0.8,-1.3,2.5,3.1,3.5,2.2,0.875,18908
2023-12-04,1.8,0.8,2.6,0.0,5.7,3.4,1.0,18031
2023-12-05,1.8,1.4,2.4,0.0,5.6,2.6,1.0,17763
2023-12-06,2.5,-2.7,6.6,2.8,0.7,0.2,0.5,16958
2023-12-07,0.3,-3.4,2.6,0.0,0.0,0.0,0.875,17234
2023-12-08,5.4,2.1,8.5,0.0,1.7,0.6,1.0,18674
2023-12-09,8.1,5.7,11.1,0.0,7.2,7.7,0.875,17346
2023-12-10,9.7,8.0,11.2,1.0,7.1,9.0,0.875,18140
2023-12-11,9.2,7.7,10.5,0.0,4.8,5.4,1.0,17985
2023-12-12,8.0,3.9,10.6,0.2,4.5,11.0,0.875,17705
2023-12-13,8.2,5.5,9.9,0.0,2.5,2.1,1.0,17577
2023-12-14,5.6,4.4,7.1,1.6,0.0,0.0,1.0,18896
2023-12-15,8.4,6.6,10.2,0.0,0.0,0.0,1.0,16439
2023-12-16,8.7,6.6,10.5,0.8,0.0,0.0,0.875,16864
2023-12-17,8.6,6.3,10.3,3.1,0.0,0.0,0.625,17709
2023-12-18,7.5,6.3,9.2,0.0,0.0,0.0,1.0,16895
2023-12-19,7.9,6.5,8.9,0.0,14.0,12.4,0.875,17144
2023-12-20,8.6,6.3,10.5,0.7,4.0,1.9,0.875,17276
2023-12-21,9.8,5.7,12.2,0.3,4.2,8.9,1.0,18004
2023-12-22,9.0,5.5,10.9,0.0,3.5,9.6,1.0,17930
2023-12-23,10.3,7.3,11.2,0.0,2.4,3.5,1.0,18654
2023-12-24,11.6,9.5,12.9,0.0,12.1,18.9,1.0,16651
2023-12-25,11.6,10.2,12.5,0.4,8.3,17.1,1.0,17534
2023-12-26,7.6,1.5,11.3,2.1,2.0,2.3,0.875,16856
2023-12-27,7.0,0.6,10.7,0.0,4.0,3.4,1.0,18508
2023-12-28,10.9,10.0,11.5,0.4,0.9,0.8,1.0,18579
2023-12-29,9.3,5.5,11.4,0.4,1.8,3.8,0.875,16809
2023-12-30,8.1,5.5,9.7,1.9,0.0,0.0,1.0,18504
2023-12-31,8.8,7.9,9.5,1.2,3.0,2.8,1.0,19124
2024-01-01,7.4,6.4,9.1,0.5,8.3,10.3,0.875,16451
2024-01-02,10.5,6.8,12.9,0.0,13.8,24.0,1.0,18948
2024-01-03,9.4,8.0,11.0,0.2,6.5,12.4,1.0,18227
2024-01-04,7.6,6.0,9.2,0.5,6.6,10.6,1.0,16931
2024-01-05,7.0,5.1,9.0,0.0,6.2,5.5,1.0,18923
2024-01-06,3.2,0.7,5.1,0.0,0.0,0.0,1.0,17345
2024-01-07,-0.2,-2.0,1.4,4.2,0.0,0.0,0.625,18735
2024-01-08,-1.8,-3.2,0.5,2.5,0.0,0.0,0.375,17615
2024-01-09,-3.2,-5.6,0.1,7.0,0.0,0.0,0.0,17254
2024-01-10,-3.2,-6.2,1.1,7.0,0.0,0.0,0.0,18861
2024-01-11,-1.9,-7.6,2.9,1.6,0.0,0.0,0.625,17200
2024-01-12,3.3,1.3,5.3,0.2,0.0,0.0,1.0,18046
2024-01-13,3.5,2.9,4.3,0.0,1.6,0.6,1.0,17966
2024-01-14,2.8,1.6,3.6,0.0,4.2,2.9,1.0,17195
2024-01-15,1.6,-0.2,3.2,2.0,3.5,4.3,0.625,18100
2024-01-16,0.8,-1.2,3.3,4.7,1.8,0.8,0.875,18385
2024-01-17,-1.5,-3.2,0.0,0.0,0.0,0.0,1.0,18275
2024-01-18,-1.7,-6.6,3.6,6.6,0.0,0.0,0.25,18475
2024-01-19,1.5,-1.4,5.2,5.5,0.4,1.3,0.25,17822
2024-01-20,-0.4,-1.6,2.3,4.9,0.0,0.0,0.875,16410
2024-01-21,3.7,-1.0,9.2,0.0,0.5,0.2,1.0,18886
2024-01-22,9.6,6.0,12.0,5.0,4.9,5.0,0.625,16840
2024-01-23,8.4,5.5,13.4,3.6,6.6,4.9,0.75,18120
2024-01-24,10.4,7.9,13.4,2.6,1.6,1.1,0.75,17546
2024-01-25,7.0,2.2,10.0,0.2,3.1,1.5,0.875,18836
2024-01-26,8.1,4.0,11.3,3.2,3.0,5.5,0.625,17469
2024-01-27,3.8,-0.5,8.3,7.6,0.0,0.0,0.625,18989
2024-01-28,3.9,-1.4,8.7,7.2,0.0,0.0,0.875,18487
2024-01-29,6.5,1.7,11.1,4.5,0.0,0.0,1.0,17652
2024-01-30,7.9,3.7,11.5,0.3,1.8,0.6,1.0,17751
2024-01-31,6.6,4.3,8.0,0.2,1.6,3.5,1.0,18275
2024-02-01,6.5,3.4,9.6,6.0,1.8,2.0,0.5,17875
2024-02-02,7.6,5.5,9.2,0.2,0.0,0.0,1.0,18418
2024-02-03,10.1,9.0,11.4,0.0,1.0,1.3,1.0,16668
2024-02-04,10.6,9.1,11.6,0.0,0.4,0.1,1.0,17240
2024-02-05,9.6,8.7,10.7,0.0,1.0,0.2,1.0,18292
2024-02-06,10.6,5.5,12.3,0.0,6.0,14.8,1.0,18686
2024-02-07,4.1,-0.2,7.2,2.9,4.4,2.6,1.0,17809
2024-02-08,2.8,-0.2,8.1,0.0,13.0,12.2,1.0,17059
2024-02-09,10.8,8.1,12.9,1.0,6.4,6.1,1.0,16982
2024-02-10,10.3,8.9,12.2,1.4,1.6,0.5,1.0,19398
2024-02-11,8.7,6.1,10.0,0.7,4.2,2.9,1.0,18124
2024-02-12,6.8,3.9,10.0,4.0,0.1,0.1,0.625,18034
2024-02-13,6.7,3.8,9.6,2.3,3.9,1.8,1.0,17860
2024-02-14,11.2,8.1,12.7,0.0,10.1,8.1,1.0,17797
2024-02-15,12.8,10.7,15.5,2.3,4.2,11.0,1.0,16979
2024-02-16,10.9,9.0,13.0,0.2,1.8,3.2,1.0,19005
2024-02-17,10.6,9.2,12.3,1.0,0.0,0.0,1.0,17821
2024-02-18,9.4,8.5,10.9,0.0,15.9,14.2,1.0,18663
2024-02-19,8.7,6.1,10.9,0.7,1.7,1.7,0.875,18627
2024-02-20,8.7,5.9,11.3,2.0,0.0,0.0,1.0,17994
2024-02-21,9.3,8.7,10.4,0.0,8.4,6.1,1.0,18031
2024-02-22,9.7,4.0,13.1,0.7,7.1,8.5,1.0,16642
2024-02-23,6.1,3.8,9.0,0.9,3.9,7.8,1.0,17828
2024-02-24,5.0,2.9,6.8,1.1,3.1,1.0,1.0,16848
2024-02-25,6.4,5.0,8.9,2.8,1.8,0.9,1.0,17512
2024-02-26,5.0,3.6,6.2,0.0,5.1,1.6,1.0,17922
2024-02-27,4.3,0.6,9.1,7.7,0.0,0.0,0.5,19334
2024-02-28,5.9,-0.2,9.1,0.5,0.0,0.0,0.875,18183
2024-02-29,8.1,6.7,9.0,0.0,16.8,13.9,1.0,19168
2024-03-01,8.2,5.5,9.9,4.7,0.8,0.7,0.875,17896
2024-03-02,9.6,5.8,12.6,7.1,1.3,0.2,0.75,19774
2024-03-03,11.1,7.7,15.9,4.5,0.0,0.0,1.0,16494
2024-03-04,7.5,1.5,11.8,7.2,0.0,0.0,0.75,21286
2024-03-05,5.7,1.0,8.5,0.0,3.9,1.5,0.75,17680
2024-03-06,6.7,2.5,12.5,6.6,0.0,0.0,0.5,17570
2024-03-07,5.1,1.5,9.7,8.8,0.0,0.0,0.25,20652
2024-03-08,5.4,0.7,10.1,10.3,0.0,0.0,0.0,20796
2024-03-09,8.2,3.1,12.8,4.5,0.0,0.0,0.875,17476
2024-03-10,9.3,6.0,13.2,1.9,0.0,0.0,1.0,18873
2024-03-11,6.9,6.5,8.2,0.0,12.1,10.5,1.0,17055
2024-03-12,8.4,6.8,11.0,1.1,4.9,1.8,1.0,17048
2024-03-13,11.0,8.7,12.5,0.0,3.7,1.4,1.0,18094
2024-03-14,13.0,7.8,17.8,10.4,0.0,0.0,0.875,21758
2024-03-15,13.0,11.2,15.3,4.1,1.6,1.0,1.0,17435
2024-03-16,7.5,2.6,11.3,2.0,2.1,1.2,1.0,18126
2024-03-17,9.4,4.0,12.8,1.1,6.9,5.5,1.0,17466
2024-03-18,11.1,6.1,15.5,4.5,0.0,0.0,0.875,17858
2024-03-19,11.5,6.4,17.1,4.5,0.0,0.0,1.0,17721
2024-03-20,12.0,6.6,18.4,6.9,0.0,0.0,1.0,18037
2024-03-21,9.5,7.8,11.3,0.4,0.0,0.0,1.0,18456
2024-03-22,9.4,7.0,11.5,0.0,5.7,2.1,1.0,17594
2024-03-23,6.9,4.5,9.5,7.5,1.4,2.0,0.5,19850
2024-03-24,6.4,4.5,8.8,2.7,9.3,15.4,0.875,18790
2024-03-25,7.3,2.3,12.0,10.5,0.0,0.0,0.625,20747
2024-03-26,8.7,4.0,11.7,3.7,0.0,0.0,1.0,17539
2024-03-27,9.6,6.6,12.8,3.2,0.6,0.2,1.0,18319
2024-03-28,9.1,6.5,12.6,3.5,3.0,3.5,0.875,17968
2024-03-29,10.9,7.8,14.4,4.0,1.5,0.4,1.0,17458
2024-03-30,8.6,3.8,11.1,1.0,2.8,0.9,1.0,17453
2024-03-31,10.5,3.9,16.6,2.7,3.0,9.7,0.875,18580
2024-04-01,10.0,6.8,14.0,1.3,0.0,0.0,0.75,17111
2024-04-02,9.7,7.0,12.6,1.8,2.0,1.4,0.875,19077
2024-04-03,11.0,9.3,14.5,1.3,6.0,7.0,1.0,18409
2024-04-04,12.0,8.6,15.2,4.4,6.6,12.0,1.0,18057
2024-04-05,13.4,10.0,17.3,5.1,2.8,3.0,0.875,18064
2024-04-06,18.0,10.9,24.1,7.5,0.0,0.0,0.875,21727
2024-04-07,16.8,12.8,21.1,8.4,2.6,0.7,0.75,21373
2024-04-08,15.3,11.5,19.1,3.6,1.0,1.0,1.0,18706
2024-04-09,11.4,8.8,14.8,2.4,3.3,3.9,1.0,18465
2024-04-10,11.7,8.6,15.1,10.5,1.2,0.6,0.75,21459
2024-04-11,13.2,11.7,14.8,0.0,1.9,0.4,1.0,17881
2024-04-12,16.1,13.2,20.0,7.5,0.0,0.0,1.0,22719
2024-04-13,17.1,12.0,23.1,8.8,0.0,0.0,1.0,22294
2024-04-14,11.6,8.4,14.7,7.1,0.0,0.0,1.0,21401
2024-04-15,8.0,4.3,10.8,3.4,5.5,13.3,0.875,17001
2024-04-16,8.2,3.8,12.5,4.2,3.9,9.4,0.875,17208
2024-04-17,5.8,3.6,9.9,5.7,4.8,9.4,0.875,18974
2024-04-18,7.5,0.8,12.1,8.2,2.3,2.5,0.625,21403
2024-04-19,8.2,5.5,11.1,4.5,11.3,16.6,0.875,16751
2024-04-20,7.3,5.2,10.5,6.7,2.5,2.1,0.875,18133
2024-04-21,6.2,1.6,11.1,9.1,0.8,0.7,0.625,19514
2024-04-22,5.5,0.1,10.4,6.8,0.3,0.5,0.875,18117
2024-04-23,5.5,-1.9,10.9,9.4,1.3,2.3,0.625,20127
2024-04-24,5.7,2.3,10.4,5.3,3.0,3.7,0.75,18898
2024-04-25,6.1,1.9,10.5,1.6,8.6,5.9,1.0,18224
2024-04-26,8.8,5.6,12.9,6.2,2.2,1.4,1.0,18173
2024-04-27,11.8,6.1,16.4,2.2,0.5,0.1,1.0,16621
2024-04-28,12.3,5.5,16.5,2.2,0.4,0.2,0.75,17932
2024-04-29,12.5,4.2,19.7,10.9,0.0,0.0,0.5,22111
2024-04-30,16.2,11.2,21.9,6.5,0.0,0.0,1.0,17955
2024-05-01,19.0,13.8,24.4,13.3,1.0,20.2,0.75,24684
2024-05-02,18.1,13.4,26.0,10.5,4.3,15.0,0.75,23715
2024-05-03,11.2,6.6,13.7,2.4,5.3,4.1,0.875,19172
2024-05-04,11.2,5.2,18.2,4.4,6.3,9.0,1.0,17725
2024-05-05,12.2,8.1,17.0,5.0,1.8,1.4,0.875,18494
2024-05-06,14.2,6.8,18.6,4.5,0.0,0.0,1.0,20012
2024-05-07,14.8,10.9,19.4,13.6,0.0,0.0,0.5,22894
2024-05-08,12.8,8.0,15.6,1.3,0.0,0.0,0.875,18617
2024-05-09,13.2,5.4,18.4,8.4,0.0,0.0,0.5,22704
2024-05-10,15.1,6.9,20.3,12.6,0.0,0.0,0.75,26425
2024-05-11,16.8,10.1,23.1,12.6,0.0,0.0,1.0,23408
2024-05-12,19.9,12.7,25.2,14.3,0.0,0.0,1.0,25999
2024-05-13,19.2,14.3,24.8,11.1,0.0,0.0,0.625,24094
2024-05-14,19.5,12.6,26.7,9.7,0.6,1.6,0.375,24359
2024-05-15,16.4,11.9,21.6,4.1,6.3,8.6,0.875,20527
2024-05-16,16.6,14.2,20.5,2.8,0.2,0.3,1.0,18357
2024-05-17,15.4,12.7,19.7,1.0,0.8,1.8,1.0,18667
2024-05-18,17.0,12.3,23.5,8.1,0.0,0.0,0.625,24851
2024-05-19,17.7,12.7,22.8,9.6,0.0,0.0,0.5,23261
2024-05-20,15.7,11.2,20.9,2.2,0.9,2.0,0.75,18878
2024-05-21,16.9,10.2,23.7,6.3,6.1,23.2,0.875,19376
2024-05-22,15.6,13.5,19.5,3.0,1.9,2.9,0.75,19404
2024-05-23,15.3,10.1,19.4,2.6,0.0,0.0,0.875,18928
2024-05-24,14.5,8.6,18.1,1.0,7.5,6.8,1.0,20000
2024-05-25,15.0,9.1,18.8,4.3,4.2,3.1,0.75,20054
2024-05-26,14.9,9.3,21.1,5.0,1.3,6.9,0.875,17505
2024-05-27,14.2,9.7,18.1,2.9,3.4,6.3,1.0,18615
2024-05-28,14.1,9.0,18.8,6.5,6.7,10.5,0.75,18213
2024-05-29,14.5,9.4,18.3,5.0,6.5,15.8,0.75,19186
2024-05-30,14.5,9.8,18.4,5.1,0.6,0.1,1.0,18821
2024-05-31,15.6,11.6,19.5,5.7,0.4,0.5,0.875,18129
2024-06-01,15.3,13.7,16.8,0.0,1.4,4.4,1.0,18152
2024-06-02,14.3,12.2,17.5,4.9,0.0,0.0,0.875,18282
2024-06-03,14.3,10.3,17.4,1.2,0.0,0.0,1.0,17504
2024-06-04,16.6,12.6,21.5,2.7,1.7,4.9,1.0,18071
2024-06-05,12.6,6.7,17.0,12.1,1.2,1.2,0.5,22756
2024-06-06,12.4,6.0,18.3,7.3,0.0,0.0,0.75,22980
2024-06-07,13.2,5.7,19.2,10.6,0.0,0.0,0.5,22603
2024-06-08,13.1,6.1,19.0,4.9,0.4,0.3,0.625,18328
2024-06-09,13.0,5.2,16.7,8.9,0.0,0.0,0.625,23054
2024-06-10,11.3,8.6,15.4,1.3,13.1,17.4,1.0,19029
2024-06-11,11.9,7.9,16.0,8.1,1.4,3.5,0.75,22585
2024-06-12,11.5,8.9,15.3,4.6,0.7,0.8,1.0,18882
2024-06-13,14.4,8.9,19.0,6.2,0.0,0.0,0.875,19981
2024-06-14,15.0,12.4,18.3,2.2,3.1,6.0,1.0,17759
2024-06-15,14.3,11.1,17.6,4.7,2.4,2.8,0.875,19012
2024-06-16,14.4,11.2,18.6,7.7,2.3,9.1,0.875,22344
2024-06-17,16.3,11.6,21.0,9.3,0.0,0.0,0.75,23521
2024-06-18,15.2,10.6,17.9,0.0,4.4,3.1,1.0,18976
2024-06-19,15.6,9.8,19.9,13.4,0.0,0.0,0.5,24498
2024-06-20,16.4,9.4,21.1,3.1,0.0,0.0,1.0,19931
2024-06-21,16.3,12.6,19.9,0.7,2.6,1.0,1.0,19321
2024-06-22,16.3,11.1,20.6,5.5,0.0,0.0,0.625,18107
2024-06-23,17.8,10.0,23.7,11.8,0.0,0.0,0.375,24490
2024-06-24,20.0,10.4,26.4,13.7,0.0,0.0,0.125,25165
2024-06-25,22.6,14.7,28.3,14.5,0.0,0.0,0.125,26625
2024-06-26,24.1,17.4,30.2,15.3,0.0,0.0,0.125,25243
2024-06-27,22.7,16.4,28.7,12.0,0.0,0.0,0.5,24567
2024-06-28,17.2,10.7,21.5,10.9,0.0,0.0,0.625,22868
2024-06-29,18.3,9.2,24.9,9.7,1.6,0.9,0.875,24228
2024-06-30,17.7,14.0,22.2,2.9,1.0,1.1,1.0,19269
2024-07-01,16.3,12.1,19.0,6.5,0.0,0.0,0.875,19712
2024-07-02,15.2,10.8,18.2,2.8,4.7,4.6,0.875,18726
2024-07-03,13.6,8.3,17.4,2.8,5.7,8.0,1.0,18143
2024-07-04,16.0,14.0,18.2,11.4,2.2,8.0,0.75,23757
2024-07-05,15.8,13.5,17.6,0.0,0.8,0.6,1.0,18690
2024-07-06,16.5,12.3,20.5,7.3,0.8,0.8,0.75,22770
2024-07-07,14.7,11.9,18.0,4.8,3.1,1.6,0.875,19669
2024-07-08,17.2,11.0,21.6,7.8,0.0,0.0,0.625,24895
2024-07-09,21.0,16.6,28.2,4.9,2.9,13.1,1.0,19024
2024-07-10,19.0,14.0,23.6,7.0,0.2,5.6,0.75,24303
2024-07-11,17.2,13.5,20.8,6.1,0.0,0.0,0.875,19640
2024-07-12,14.4,13.6,15.4,0.2,7.3,25.3,1.0,18726
2024-07-13,14.8,11.7,16.8,2.3,2.8,2.9,0.75,20052
2024-07-14,16.7,9.7,21.4,11.8,0.0,0.0,0.625,23995
2024-07-15,18.8,10.1,24.6,8.0,2.2,2.4,0.75,24123
2024-07-16,17.7,15.5,21.4,4.2,1.6,1.8,0.75,20239
2024-07-17,17.9,12.5,22.9,10.6,0.0,0.0,0.625,25835
2024-07-18,20.2,11.4,27.0,13.0,0.0,0.0,0.75,25119
2024-07-19,21.8,14.5,28.9,4.8,0.0,0.0,0.75,19369
2024-07-20,23.0,15.2,30.0,12.7,0.0,0.0,0.5,25775
2024-07-21,19.5,15.8,22.2,1.6,0.6,6.0,1.0,18516
2024-07-22,19.4,12.1,23.8,9.2,0.0,0.0,0.625,24557
2024-07-23,19.4,16.6,23.0,4.9,1.3,1.6,0.875,18675
2024-07-24,17.6,11.4,22.1,11.4,0.0,0.0,0.375,22481
2024-07-25,18.8,11.3,23.9,1.0,2.2,1.7,1.0,18906
2024-07-26,18.5,12.0,22.7,4.6,1.8,3.9,0.875,17736
2024-07-27,17.9,10.0,23.1,8.6,0.0,0.0,0.5,23747
2024-07-28,18.3,12.0,23.6,12.6,0.0,0.0,0.375,25162
2024-07-29,19.5,10.6,25.8,14.5,0.0,0.0,0.25,24219
2024-07-30,22.8,14.0,29.5,12.7,0.0,0.0,0.5,25602
2024-07-31,21.6,14.9,27.1,8.9,0.0,0.0,0.625,25536
2024-08-01,19.5,15.9,23.2,1.2,0.0,0.0,0.875,19469
2024-08-02,19.9,14.1,26.5,9.4,0.0,0.0,0.625,24597
2024-08-03,20.3,15.9,24.7,4.2,1.0,1.0,0.875,18010
2024-08-04,17.8,14.4,20.9,3.8,0.0,0.0,1.0,19465
2024-08-05,19.2,13.1,24.2,12.1,0.0,0.0,0.25,25355
2024-08-06,21.4,12.8,29.5,12.7,0.0,0.0,0.625,23814
2024-08-07,19.8,15.9,23.4,5.7,0.8,3.0,0.875,19712
2024-08-08,20.6,16.6,24.1,10.8,0.0,0.0,0.75,25274
2024-08-09,20.0,13.7,24.2,4.5,1.7,1.2,0.75,17884
2024-08-10,20.3,16.0,24.8,9.1,0.0,0.0,0.625,24074
2024-08-11,21.8,14.3,27.8,12.5,0.0,0.0,0.125,23526
2024-08-12,24.5,16.4,30.9,13.7,0.0,0.0,0.125,26510
2024-08-13,24.4,19.4,30.7,10.6,2.3,4.1,0.75,27204
2024-08-14,20.9,17.8,24.2,1.8,0.0,0.0,1.0,19223
2024-08-15,21.2,16.4,25.5,9.7,0.0,0.0,0.625,24656
2024-08-16,19.1,16.1,21.5,0.8,5.3,9.8,1.0,18725
2024-08-17,18.1,13.3,23.2,13.2,0.0,0.0,0.5,26149
2024-08-18,17.0,10.6,23.3,5.6,0.0,0.0,0.75,18336
2024-08-19,17.1,9.3,22.9,13.0,0.0,0.0,0.375,23363
2024-08-20,18.0,12.8,23.9,4.3,6.5,11.9,0.875,20144
2024-08-21,16.1,12.3,19.9,10.4,0.2,0.1,0.625,23395
2024-08-22,18.9,14.0,22.7,5.1,0.0,0.0,0.875,18639
2024-08-23,18.8,12.7,23.4,5.6,0.3,1.7,0.875,18409
2024-08-24,19.0,15.0,27.1,2.7,2.0,7.7,1.0,18400
2024-08-25,16.4,13.1,20.4,8.6,0.0,0.0,0.5,24082
2024-08-26,16.6,11.6,21.9,5.1,0.0,0.0,0.75,18383
2024-08-27,17.3,9.7,24.8,12.7,0.0,0.0,0.5,24767
2024-08-28,20.1,9.9,28.7,12.8,0.0,0.0,0.25,24070
2024-08-29,19.3,13.6,25.8,8.6,0.0,0.0,0.75,24272
2024-08-30,17.8,12.9,22.8,7.8,0.0,0.0,1.0,23627
2024-08-31,18.4,15.1,23.1,9.9,0.0,0.0,0.625,24483
2024-09-01,22.4,14.8,29.8,10.1,0.0,0.0,0.5,23700
2024-09-02,22.8,16.8,29.0,8.7,0.0,0.0,0.875,23825
2024-09-03,19.7,16.0,23.5,1.1,5.6,5.7,1.0,17989
2024-09-04,18.0,14.7,21.6,1.1,0.8,0.1,1.0,18508
2024-09-05,22.2,14.2,28.7,7.4,0.0,0.0,0.625,23080
2024-09-06,21.5,17.6,27.2,8.5,1.9,24.4,0.5,24644
2024-09-07,21.3,17.3,26.3,7.9,1.4,0.6,0.875,24455
2024-09-08,18.3,12.1,21.9,7.3,0.7,0.2,0.75,22488
2024-09-09,16.2,11.8,22.0,3.7,0.6,4.2,1.0,17779
2024-09-10,14.4,10.5,16.8,1.7,9.1,53.3,1.0,17876
2024-09-11,11.0,7.8,15.1,6.8,6.0,11.3,0.75,18249
2024-09-12,10.1,5.4,15.4,6.8,0.5,0.3,0.5,18273
2024-09-13,10.6,4.7,17.0,8.8,0.6,0.7,0.25,21766
2024-09-14,10.6,3.4,18.1,8.3,0.0,0.0,0.75,21643
2024-09-15,13.3,5.7,19.0,6.1,0.0,0.0,0.625,17314
2024-09-16,14.0,8.6,19.3,5.4,1.2,1.0,0.5,17707
2024-09-17,16.3,9.7,20.0,7.0,0.0,0.0,0.875,22702
2024-09-18,16.9,13.3,22.0,8.2,0.0,0.0,0.375,24270
2024-09-19,17.0,14.3,22.4,8.1,0.0,0.0,0.375,22148
2024-09-20,17.8,14.2,22.8,11.1,0.0,0.0,0.0,23927
2024-09-21,16.6,10.2,24.4,11.4,0.0,0.0,0.0,22364
2024-09-22,17.0,9.9,24.0,5.2,0.0,0.0,1.0,17992
2024-09-23,16.6,12.5,21.4,4.3,0.5,4.2,0.625,16978
2024-09-24,14.3,10.7,19.4,1.7,1.5,4.8,0.75,18439
2024-09-25,15.1,13.8,18.1,2.7,1.5,1.7,1.0,17770
2024-09-26,15.6,13.8,19.3,3.6,4.7,14.4,0.875,17957
2024-09-27,12.2,9.0,14.9,0.2,6.8,13.6,0.875,17782
2024-09-28,10.3,6.6,14.9,7.6,1.0,2.2,0.75,21997
2024-09-29,9.8,4.4,14.3,7.0,0.0,0.0,0.625,21226
2024-09-30,12.0,8.7,14.8,0.9,7.8,13.5,1.0,17852
2024-10-01,12.9,11.6,14.4,0.0,5.6,6.1,1.0,17648
2024-10-02,10.9,8.2,12.2,0.0,2.5,2.6,0.875,18437
2024-10-03,9.3,3.5,15.1,9.9,0.0,0.0,0.125,20830
2024-10-04,7.5,1.3,16.0,8.4,0.0,0.0,0.125,20211
2024-10-05,8.1,0.9,15.4,10.2,0.0,0.0,0.0,21618
2024-10-06,11.0,4.1,15.5,6.0,0.0,0.0,0.875,16666
2024-10-07,15.4,12.7,18.8,7.9,0.6,0.6,0.875,22430
2024-10-08,15.9,13.1,18.2,4.5,0.2,0.4,1.0,18484
2024-10-09,14.0,12.2,16.0,0.0,3.6,1.0,1.0,18727
2024-10-10,11.8,8.0,14.6,2.8,1.4,1.1,1.0,18307
2024-10-11,7.7,2.0,13.1,7.2,0.3,0.9,0.25,20478
2024-10-12,8.7,1.7,12.2,1.6,1.4,2.4,1.0,18280
2024-10-13,10.1,7.1,13.5,4.3,1.5,1.7,0.875,18713
2024-10-14,7.2,2.1,12.1,2.0,0.0,0.0,0.625,17585
2024-10-15,9.7,3.4,14.5,8.2,0.0,0.0,0.875,20344
2024-10-16,15.6,11.3,20.4,5.5,0.2,0.1,0.875,18513
2024-10-17,16.8,14.7,20.0,1.8,0.7,0.5,1.0,17120
2024-10-18,15.3,12.6,17.6,0.9,2.5,3.7,1.0,18300
2024-10-19,14.7,13.5,15.9,0.5,2.0,1.7,1.0,16554
2024-10-20,15.5,13.5,17.9,1.2,1.8,1.2,1.0,17562
2024-10-21,13.9,10.5,15.3,0.0,4.9,10.5,1.0,17938
2024-10-22,12.2,9.1,16.5,8.6,0.3,0.1,0.375,20807
2024-10-23,10.1,6.3,15.3,2.8,0.0,0.0,0.625,17500
2024-10-24,10.0,4.0,14.6,8.4,0.0,0.0,0.375,20695
2024-10-25,13.3,9.1,18.8,7.8,0.0,0.0,0.5,22762
2024-10-26,13.9,8.6,19.3,5.9,0.0,0.0,0.875,17950
2024-10-27,12.4,6.4,17.0,6.7,1.3,0.5,0.75,18910
2024-10-28,12.3,7.8,14.6,1.1,4.3,3.7,1.0,17821
2024-10-29,13.4,12.6,14.0,0.0,6.6,3.7,1.0,18628
2024-10-30,13.0,12.0,15.0,0.2,0.8,0.7,1.0,17297
2024-10-31,11.5,5.2,14.8,0.0,0.0,0.0,0.75,17792
2024-11-01,10.3,4.9,11.6,0.0,0.0,0.0,1.0,18371
2024-11-02,9.3,2.7,13.0,5.8,0.6,0.5,0.75,17889
2024-11-03,5.7,0.4,13.4,8.3,0.0,0.0,0.125,18690
2024-11-04,7.0,0.6,13.7,8.3,0.0,0.0,0.625,20985
2024-11-05,5.9,0.2,11.7,8.0,0.0,0.0,0.375,19758
2024-11-06,8.2,6.4,9.9,0.0,0.0,0.0,1.0,18699
2024-11-07,5.3,3.2,7.6,0.0,0.0,0.0,1.0,17441
2024-11-08,4.8,4.0,5.4,0.0,0.0,0.0,1.0,17443
2024-11-09,6.6,5.1,7.7,0.0,4.3,0.5,1.0,18141
2024-11-10,9.0,7.4,11.1,0.0,0.0,0.0,1.0,17221
2024-11-11,10.3,8.2,13.6,6.7,2.9,5.0,0.625,18356
2024-11-12,7.9,2.4,10.9,5.2,0.0,0.0,0.875,18085
2024-11-13,8.3,3.0,11.9,0.0,0.0,0.0,1.0,18800
2024-11-14,9.6,6.3,11.6,2.2,1.5,0.3,1.0,18145
2024-11-15,8.5,4.2,10.2,0.0,0.0,0.0,1.0,18823
2024-11-16,8.6,7.7,9.2,0.0,6.5,4.5,1.0,17716
2024-11-17,7.4,4.3,9.7,3.8,5.0,7.3,0.875,18390
2024-11-18,5.1,3.4,7.9,1.9,3.0,6.4,0.875,16609
2024-11-19,3.2,0.4,5.5,0.2,10.6,10.8,0.875,17727
2024-11-20,2.6,0.8,5.7,1.0,9.9,12.9,1.0,17683
2024-11-21,0.9,-2.8,4.7,3.9,2.0,1.7,0.75,18119
2024-11-22,3.3,0.0,6.2,2.1,5.4,9.1,0.875,18080
2024-11-23,4.7,1.2,10.0,0.0,4.1,9.1,1.0,18533
2024-11-24,14.3,9.3,17.1,2.8,0.7,0.4,1.0,18660
2024-11-25,11.9,7.8,16.5,0.0,7.0,4.1,1.0,17495
2024-11-26,7.3,2.7,10.1,2.2,0.1,0.1,0.625,17897
2024-11-27,7.7,3.1,11.3,0.0,8.9,11.3,1.0,18235
2024-11-28,6.7,4.2,10.2,5.0,0.9,0.8,0.625,17851
2024-11-29,3.4,-0.9,7.6,7.1,0.0,0.0,0.625,19335
2024-11-30,4.1,0.6,6.8,5.2,0.0,0.0,0.625,17450
2024-12-01,5.7,1.5,8.5,7.0,1.0,1.4,1.0,19870
2024-12-02,9.6,7.6,11.5,0.7,4.4,6.1,1.0,17829
2024-12-03,5.7,1.2,8.4,3.7,1.1,1.5,0.875,17066
2024-12-04,3.9,-0.7,5.5,0.0,2.1,1.2,0.875,18232
2024-12-05,7.0,4.7,11.4,0.0,10.9,20.3,1.0,17543
2024-12-06,8.4,4.9,11.1,0.0,1.2,0.7,1.0,18656
2024-12-07,7.7,5.9,10.5,2.9,7.4,6.5,0.875,17858
2024-12-08,6.5,5.7,7.1,1.0,2.2,1.0,1.0,16797
2024-12-09,6.2,5.5,6.9,0.0,0.0,0.0,1.0,18181
2024-12-10,5.0,4.6,5.7,0.0,0.0,0.0,1.0,17808
2024-12-11,3.4,2.4,4.6,0.0,0.0,0.0,1.0,17132
2024-12-12,3.4,2.5,4.5,0.0,2.6,0.5,1.0,17853
2024-12-13,1.7,0.4,3.2,0.0,0.0,0.0,1.0,17657
2024-12-14,4.0,1.7,6.2,0.0,4.9,3.0,1.0,18522
2024-12-15,8.0,3.8,10.9,0.0,0.5,0.2,1.0,18003
2024-12-16,9.8,8.5,11.1,0.0,2.5,0.6,1.0,17915
2024-12-17,8.1,7.1,9.4,0.0,0.0,0.0,1.0,17569
2024-12-18,10.6,6.4,13.0,0.0,3.0,1.5,1.0,17171
2024-12-19,7.8,4.4,13.5,0.0,8.6,14.6,0.875,17536
2024-12-20,5.9,3.9,7.4,5.1,1.1,0.2,0.875,16900
2024-12-21,8.2,6.9,10.4,0.0,6.1,5.5,1.0,18312
2024-12-22,5.6,3.3,9.4,1.9,3.1,8.7,0.875,17139
2024-12-23,6.1,3.0,8.5,4.7,1.5,4.0,0.75,17970
2024-12-24,5.6,2.5,8.1,0.0,9.4,2.7,1.0,18673
2024-12-25,8.8,8.0,9.6,0.0,1.5,0.3,1.0,17706
2024-12-26,6.4,3.8,8.2,0.0,0.0,0.0,1.0,18647
2024-12-27,2.5,-0.1,4.2,1.1,0.0,0.0,0.875,18849
2024-12-28,1.0,-0.2,2.7,0.0,0.0,0.0,1.0,17477
2024-12-29,4.0,2.7,5.1,0.0,4.5,0.7,1.0,17804
2024-12-30,6.9,4.6,8.2,0.0,1.1,0.2,1.0,16825
2024-12-31,4.6,2.2,8.0,0.0,0.0,0.0,1.0,18198
